{
  "project_info": {
    "project_number": "734325408880",
    "firebase_url": "https://debt-1be5f.firebaseio.com",
    "project_id": "debt-1be5f",
    "storage_bucket": "debt-1be5f.appspot.com"
  },
  "client": [
    {
      "client_info": {
        "mobilesdk_app_id": "1:734325408880:android:e9142d70963c40dcd260b5",
        "android_client_info": {
          "package_name": "com.copper.debt"
        }
      },
      "oauth_client": [
        {
          "client_id": "734325408880-tgcl07ke1an0f0qvltatqoo8roi46sma.apps.googleusercontent.com",
          "client_type": 3
        }
      ],
      "api_key": [
        {
          "current_key": "AIzaSyBF2jEAlB3qj7Ea9WqtyfwYmoa78zCy7Ek"
        }
      ],
      "services": {
        "appinvite_service": {
          "other_platform_oauth_client": [
            {
              "client_id": "734325408880-tgcl07ke1an0f0qvltatqoo8roi46sma.apps.googleusercontent.com",
              "client_type": 3
            }
          ]
        }
      }
    }
  ],
  "configuration_version": "1"
}